{
    "name": "root",
    "gauges": {
        "CarDriver.Policy.Entropy.mean": {
            "value": -7.316482067108154,
            "min": -7.316482067108154,
            "max": -7.250333309173584,
            "count": 7
        },
        "CarDriver.Policy.Entropy.sum": {
            "value": -73091.65625,
            "min": -73091.65625,
            "max": -72460.1015625,
            "count": 7
        },
        "CarDriver.Step.mean": {
            "value": 69961.0,
            "min": 9941.0,
            "max": 69961.0,
            "count": 7
        },
        "CarDriver.Step.sum": {
            "value": 69961.0,
            "min": 9941.0,
            "max": 69961.0,
            "count": 7
        },
        "CarDriver.Policy.ExtrinsicValueEstimate.mean": {
            "value": -0.1552770435810089,
            "min": -0.3690618574619293,
            "max": 1.0160046815872192,
            "count": 7
        },
        "CarDriver.Policy.ExtrinsicValueEstimate.sum": {
            "value": -24.999603271484375,
            "min": -60.526145935058594,
            "max": 165.6087646484375,
            "count": 7
        },
        "CarDriver.Policy.GailValueEstimate.mean": {
            "value": 1.526497721672058,
            "min": 1.526497721672058,
            "max": 2.6032915115356445,
            "count": 7
        },
        "CarDriver.Policy.GailValueEstimate.sum": {
            "value": 245.76612854003906,
            "min": 245.76612854003906,
            "max": 426.9398193359375,
            "count": 7
        },
        "CarDriver.Losses.PolicyLoss.mean": {
            "value": 0.33940197555374824,
            "min": 0.3262048272370235,
            "max": 0.33940197555374824,
            "count": 7
        },
        "CarDriver.Losses.PolicyLoss.sum": {
            "value": 24.43694223986987,
            "min": 24.108915712920595,
            "max": 26.012365567593044,
            "count": 7
        },
        "CarDriver.Losses.ValueLoss.mean": {
            "value": 0.23527657259740417,
            "min": 0.23527657259740417,
            "max": 0.4911707478652468,
            "count": 7
        },
        "CarDriver.Losses.ValueLoss.sum": {
            "value": 16.9399132270131,
            "min": 16.9399132270131,
            "max": 38.31131833348925,
            "count": 7
        },
        "CarDriver.Policy.LearningRate.mean": {
            "value": 5.656922861599999e-05,
            "min": 5.656922861599999e-05,
            "max": 9.652473406887672e-05,
            "count": 7
        },
        "CarDriver.Policy.LearningRate.sum": {
            "value": 0.0040729844603519996,
            "min": 0.0040729844603519996,
            "max": 0.007109733456933999,
            "count": 7
        },
        "CarDriver.Policy.Epsilon.mean": {
            "value": 0.1565691851851852,
            "min": 0.1565691851851852,
            "max": 0.19652473059360734,
            "count": 7
        },
        "CarDriver.Policy.Epsilon.sum": {
            "value": 11.272981333333334,
            "min": 11.272981333333334,
            "max": 15.009732666666666,
            "count": 7
        },
        "CarDriver.Policy.Beta.mean": {
            "value": 0.00020000000000000004,
            "min": 0.00020000000000000004,
            "max": 0.0002000000000000001,
            "count": 7
        },
        "CarDriver.Policy.Beta.sum": {
            "value": 0.014400000000000003,
            "min": 0.014400000000000003,
            "max": 0.015800000000000005,
            "count": 7
        },
        "CarDriver.Policy.GAILPolicyEstimate.mean": {
            "value": 0.049354866483485166,
            "min": 0.049354866483485166,
            "max": 0.07582006206274852,
            "count": 7
        },
        "CarDriver.Policy.GAILPolicyEstimate.sum": {
            "value": 3.553550386810932,
            "min": 3.553550386810932,
            "max": 5.913964840894385,
            "count": 7
        },
        "CarDriver.Policy.GAILExpertEstimate.mean": {
            "value": 0.9487687060089429,
            "min": 0.9263180706131257,
            "max": 0.9487687060089429,
            "count": 7
        },
        "CarDriver.Policy.GAILExpertEstimate.sum": {
            "value": 68.31134683264389,
            "min": 68.18625068766644,
            "max": 73.38502534855367,
            "count": 7
        },
        "CarDriver.Losses.GAILLoss.mean": {
            "value": 0.13371774237574238,
            "min": 0.13371774237574238,
            "max": 0.19852806484609511,
            "count": 7
        },
        "CarDriver.Losses.GAILLoss.sum": {
            "value": 9.62767745105345,
            "min": 9.62767745105345,
            "max": 15.485189057995418,
            "count": 7
        },
        "CarDriver.Policy.GAILGradMagLoss.mean": {
            "value": 0.030511505000462815,
            "min": 0.030511505000462815,
            "max": 0.05804082076785162,
            "count": 7
        },
        "CarDriver.Policy.GAILGradMagLoss.sum": {
            "value": 2.1968283600333227,
            "min": 2.1968283600333227,
            "max": 4.236979916053168,
            "count": 7
        },
        "CarDriver.Losses.PretrainingLoss.mean": {
            "value": 0.024172185125802617,
            "min": 0.024172185125802617,
            "max": 0.025930878439006287,
            "count": 7
        },
        "CarDriver.Losses.PretrainingLoss.sum": {
            "value": 1.7403973290577883,
            "min": 1.7403973290577883,
            "max": 2.0186845976579826,
            "count": 7
        },
        "CarDriver.Environment.EpisodeLength.mean": {
            "value": 760.25,
            "min": 435.72,
            "max": 884.2727272727273,
            "count": 7
        },
        "CarDriver.Environment.EpisodeLength.sum": {
            "value": 9123.0,
            "min": 8341.0,
            "max": 10893.0,
            "count": 7
        },
        "CarDriver.Environment.CumulativeReward.mean": {
            "value": -3.418085732807716,
            "min": -7.657930312412126,
            "max": 4.864557560284933,
            "count": 7
        },
        "CarDriver.Environment.CumulativeReward.sum": {
            "value": -41.01702879369259,
            "min": -122.57363134622574,
            "max": 72.96836340427399,
            "count": 7
        },
        "CarDriver.Policy.ExtrinsicReward.mean": {
            "value": -3.418085732807716,
            "min": -7.657930312412126,
            "max": 4.864557560284933,
            "count": 7
        },
        "CarDriver.Policy.ExtrinsicReward.sum": {
            "value": -41.01702879369259,
            "min": -122.57363134622574,
            "max": 72.96836340427399,
            "count": 7
        },
        "CarDriver.Policy.GailReward.mean": {
            "value": 13.427929324906776,
            "min": 9.154898620030144,
            "max": 18.63805611423739,
            "count": 7
        },
        "CarDriver.Policy.GailReward.sum": {
            "value": 161.1351518988813,
            "min": 161.1351518988813,
            "max": 253.60582933289697,
            "count": 7
        },
        "CarDriver.IsTraining.mean": {
            "value": 1.0,
            "min": 1.0,
            "max": 1.0,
            "count": 7
        },
        "CarDriver.IsTraining.sum": {
            "value": 1.0,
            "min": 1.0,
            "max": 1.0,
            "count": 7
        }
    },
    "metadata": {
        "timer_format_version": "0.1.0",
        "start_time_seconds": "1765040953",
        "python_version": "3.9.7 (tags/v3.9.7:1016ef3, Aug 30 2021, 20:19:38) [MSC v.1929 64 bit (AMD64)]",
        "command_line_arguments": "C:\\Users\\dania\\OneDrive\\Desktop\\UOWD\\Autumn 2025\\CSCI218\\AiCar\\My project\\venv\\Scripts\\mlagents-learn config\\carDriver_phase2.yaml --initialize-from=semiF5 --run-id=almostF1",
        "mlagents_version": "0.30.0",
        "mlagents_envs_version": "0.30.0",