{
    "name": "root",
    "gauges": {
        "CarDriver.Policy.Entropy.mean": {
            "value": 1.3337873220443726,
            "min": 1.3337873220443726,
            "max": 1.4078434705734253,
            "count": 15
        },
        "CarDriver.Policy.Entropy.sum": {
            "value": 13316.533203125,
            "min": 13316.533203125,
            "max": 14326.21484375,
            "count": 15
        },
        "CarDriver.Step.mean": {
            "value": 149952.0,
            "min": 9984.0,
            "max": 149952.0,
            "count": 15
        },
        "CarDriver.Step.sum": {
            "value": 149952.0,
            "min": 9984.0,
            "max": 149952.0,
            "count": 15
        },
        "CarDriver.Policy.ExtrinsicValueEstimate.mean": {
            "value": -0.2089776247739792,
            "min": -0.5955633521080017,
            "max": -0.07587924599647522,
            "count": 15
        },
        "CarDriver.Policy.ExtrinsicValueEstimate.sum": {
            "value": -32.60050964355469,
            "min": -92.90788269042969,
            "max": -11.837162017822266,
            "count": 15
        },
        "CarDriver.Losses.PolicyLoss.mean": {
            "value": 0.24882344093832132,
            "min": 0.24118790281889235,
            "max": 0.2504529430043624,
            "count": 15
        },
        "CarDriver.Losses.PolicyLoss.sum": {
            "value": 12.938818928792708,
            "min": 12.622739029386523,
            "max": 13.023553036226843,
            "count": 15
        },
        "CarDriver.Losses.ValueLoss.mean": {
            "value": 0.010252076868843775,
            "min": 0.006314613958556541,
            "max": 0.04857763178041137,
            "count": 15
        },
        "CarDriver.Losses.ValueLoss.sum": {
            "value": 0.5331079971798763,
            "min": 0.33467453980349665,
            "max": 2.526036852581391,
            "count": 15
        },
        "CarDriver.Policy.LearningRate.mean": {
            "value": 0.0002129664290112,
            "min": 0.0002129664290112,
            "max": 0.00029694720101759996,
            "count": 15
        },
        "CarDriver.Policy.LearningRate.sum": {
            "value": 0.0110742543085824,
            "min": 0.0110742543085824,
            "max": 0.015441254452915198,
            "count": 15
        },
        "CarDriver.Policy.Epsilon.mean": {
            "value": 0.1709888,
            "min": 0.1709888,
            "max": 0.19898239999999998,
            "count": 15
        },
        "CarDriver.Policy.Epsilon.sum": {
            "value": 8.8914176,
            "min": 8.8914176,
            "max": 10.3470848,
            "count": 15
        },
        "CarDriver.Policy.Beta.mean": {
            "value": 0.0005,
            "min": 0.0005,
            "max": 0.0005,
            "count": 15
        },
        "CarDriver.Policy.Beta.sum": {
            "value": 0.026000000000000002,
            "min": 0.026000000000000002,
            "max": 0.026500000000000003,
            "count": 15
        },
        "CarDriver.IsTraining.mean": {
            "value": 1.0,
            "min": 1.0,
            "max": 1.0,
            "count": 15
        },
        "CarDriver.IsTraining.sum": {
            "value": 1.0,
            "min": 1.0,
            "max": 1.0,
            "count": 15
        }
    },
    "metadata": {
        "timer_format_version": "0.1.0",
        "start_time_seconds": "1764106177",
        "python_version": "3.9.7 (tags/v3.9.7:1016ef3, Aug 30 2021, 20:19:38) [MSC v.1929 64 bit (AMD64)]",
        "command_line_arguments": "C:\\Users\\dania\\OneDrive\\Desktop\\UOWD\\Autumn 2025\\CSCI218\\AiCar\\My project\\venv\\Scripts\\mlagents-learn config/carDriver.yaml --initialize-from=carDriverAG2 --run-id=TestParameters2",
        "mlagents_version": "0.30.0",
        "mlagents_envs_version": "0.30.0",
        "communication_protocol_version": "1.5.0",
        "pytorch_version": "2.8.0+cpu",
        "numpy_version": "1.21.2",
        "end_time_seconds": "1764106742"
    },
    "total": 564.9571357,
    "count": 1,
    "self": 0.005833299999949304,
    "children": {
        "run_training.setup": {
            "total": 0.1054128999999997,
            "count": 1,
            "self": 0.1054128999999997
        },
        "TrainerController.start_learning": {
            "total": 564.8458895,
            "count": 1,
            "self": 1.0501455000013493,
            "children": {
                "TrainerController._reset_env": {
                    "total": 14.386357599999998,
                    "count": 1,
                    "self": 14.386357599999998
                },
                "TrainerController.advance": {
                    "total": 549.2818177999987,
                    "count": 52617,
                    "self": 0.9381242000040402,
                    "children": {
                        "env_step": {
                            "total": 326.0955656999983,
                            "count": 52617,
                            "self": 286.24887469999055,
                            "children": {
                                "SubprocessEnvManager._take_step": {
                                    "total": 39.18053840001052,
                                    "count": 52617,
                                    "self": 2.9914913000214653,
                                    "children": {
                                        "TorchPolicy.evaluate": {
                                            "total": 36.189047099989054,
                                            "count": 52617,
                                            "self": 36.189047099989054
                                        }
                                    }
                                },
                                "workers": {
                                    "total": 0.6661525999972184,
                                    "count": 52616,
                                    "self": 0.0,
                                    "children": {
                                        "worker_root": {
                                            "total": 545.3805351999991,
                                            "count": 52616,
                                            "is_parallel": true,
                                            "self": 316.913519400002,
                                            "children": {
                                                "steps_from_proto": {
                                                    "total": 0.00288650000000068,
                                                    "count": 1,
                                                    "is_parallel": true,
                                                    "self": 0.00012610000000456978,
                                                    "children": {
                                                        "_process_rank_one_or_two_observation": {
                                                            "total": 0.0027603999999961104,
                                                            "count": 4,
                                                            "is_parallel": true,
                                                            "self": 0.0027603999999961104
                                                        }
                                                    }
                                                },
                                                "UnityEnvironment.step": {
                                                    "total": 228.46412929999718,
                                                    "count": 52616,
                                                    "is_parallel": true,
                                                    "self": 5.129123199989323,