{
    "name": "root",
    "gauges": {
        "CarDriver.Policy.Entropy.mean": {
            "value": 1.4197438955307007,
            "min": 1.417187213897705,
            "max": 1.4211238622665405,
            "count": 10
        },
        "CarDriver.Policy.Entropy.sum": {
            "value": 71146.203125,
            "min": 70773.328125,
            "max": 71215.359375,
            "count": 10
        },
        "CarDriver.Step.mean": {
            "value": 499968.0,
            "min": 49984.0,
            "max": 499968.0,
            "count": 10
        },
        "CarDriver.Step.sum": {
            "value": 499968.0,
            "min": 49984.0,
            "max": 499968.0,
            "count": 10
        },
        "CarDriver.Policy.ExtrinsicValueEstimate.mean": {
            "value": 2.753783702850342,
            "min": 0.13024696707725525,
            "max": 2.753783702850342,
            "count": 10
        },
        "CarDriver.Policy.ExtrinsicValueEstimate.sum": {
            "value": 2150.705078125,
            "min": 101.72288513183594,
            "max": 2150.705078125,
            "count": 10
        },
        "CarDriver.Losses.PolicyLoss.mean": {
            "value": 0.025904659961815922,
            "min": 0.021557425550029923,
            "max": 0.025904659961815922,
            "count": 10
        },
        "CarDriver.Losses.PolicyLoss.sum": {
            "value": 0.12952329980907962,
            "min": 0.09426247305818833,
            "max": 0.12952329980907962,
            "count": 10
        },
        "CarDriver.Losses.ValueLoss.mean": {
            "value": 0.05078917101025582,
            "min": 0.005711339425276189,
            "max": 0.05818249121308326,
            "count": 10
        },
        "CarDriver.Losses.ValueLoss.sum": {
            "value": 0.2539458550512791,
            "min": 0.022845357701104754,
            "max": 0.2909124560654163,
            "count": 10
        },
        "CarDriver.Policy.LearningRate.mean": {
            "value": 1.3843295385600004e-05,
            "min": 1.3843295385600004e-05,
            "max": 0.000284448005184,
            "count": 10
        },
        "CarDriver.Policy.LearningRate.sum": {
            "value": 6.921647692800002e-05,
            "min": 6.921647692800002e-05,
            "max": 0.001282272072576,
            "count": 10
        },
        "CarDriver.Policy.Epsilon.mean": {
            "value": 0.10461440000000002,
            "min": 0.10461440000000002,
            "max": 0.19481599999999996,
            "count": 10
        },
        "CarDriver.Policy.Epsilon.sum": {
            "value": 0.5230720000000001,
            "min": 0.5230720000000001,
            "max": 0.9274240000000001,
            "count": 10
        },
        "CarDriver.Policy.Beta.mean": {
            "value": 0.00024025856000000007,
            "min": 0.00024025856000000007,
            "max": 0.004741318400000001,
            "count": 10
        },
        "CarDriver.Policy.Beta.sum": {
            "value": 0.0012012928000000003,
            "min": 0.0012012928000000003,
            "max": 0.021378457599999998,
            "count": 10
        },
        "CarDriver.IsTraining.mean": {
            "value": 1.0,
            "min": 1.0,
            "max": 1.0,
            "count": 10
        },
        "CarDriver.IsTraining.sum": {
            "value": 1.0,
            "min": 1.0,
            "max": 1.0,
            "count": 10
        }
    },
    "metadata": {
        "timer_format_version": "0.1.0",
        "start_time_seconds": "1764973964",
        "python_version": "3.9.7 (tags/v3.9.7:1016ef3, Aug 30 2021, 20:19:38) [MSC v.1929 64 bit (AMD64)]",
        "command_line_arguments": "C:\\Users\\dania\\OneDrive\\Desktop\\UOWD\\Autumn 2025\\CSCI218\\AiCar\\My project\\venv\\Scripts\\mlagents-learn --run-id=dan3",
        "mlagents_version": "0.30.0",
        "mlagents_envs_version": "0.30.0",
        "communication_protocol_version": "1.5.0",
        "pytorch_version": "2.8.0+cpu",
        "numpy_version": "1.21.2",
        "end_time_seconds": "1764974990"
    },
    "total": 1025.5519958,
    "count": 1,
    "self": 0.00911639999981162,
    "children": {
        "run_training.setup": {
            "total": 0.11008939999999967,
            "count": 1,
            "self": 0.11008939999999967
        },
        "TrainerController.start_learning": {
            "total": 1025.43279,
            "count": 1,
            "self": 2.995888699994566,
            "children": {
                "TrainerController._reset_env": {
                    "total": 11.5026805,
                    "count": 1,
                    "self": 11.5026805
                },
                "TrainerController.advance": {
                    "total": 1010.9057478000054,
                    "count": 166720,
                    "self": 2.7567850000053795,
                    "children": {
                        "env_step": {
                            "total": 895.7015205000035,
                            "count": 166720,
                            "self": 785.0418333999728,
                            "children": {
                                "SubprocessEnvManager._take_step": {
                                    "total": 108.73720610001617,
                                    "count": 166720,
                                    "self": 8.139095000017804,
                                    "children": {
                                        "TorchPolicy.evaluate": {
                                            "total": 100.59811109999836,
                                            "count": 166720,
                                            "self": 100.59811109999836
                                        }
                                    }
                                },
                                "workers": {
                                    "total": 1.9224810000145407,
                                    "count": 166720,
                                    "self": 0.0,
                                    "children": {
                                        "worker_root": {
                                            "total": 1010.660328300015,
                                            "count": 166720,
                                            "is_parallel": true,
                                            "self": 367.4828021000111,
                                            "children": {
                                                "steps_from_proto": {
                                                    "total": 0.00034539999999871895,
                                                    "count": 1,
                                                    "is_parallel": true,
                                                    "self": 0.00010090000000140265,
                                                    "children": {
                                                        "_process_rank_one_or_two_observation": {
                                                            "total": 0.0002444999999973163,
                                                            "count": 4,
                                                            "is_parallel": true,
                                                            "self": 0.0002444999999973163
                                                        }
                                                    }
                                                },
                                                "UnityEnvironment.step": {
                                                    "total": 643.1771808000038,
                                                    "count": 166720,
                                                    "is_parallel": true,
                                                    "self": 13.518217899985189,