{
    "name": "root",
    "metadata": {
        "timer_format_version": "0.1.0",
        "start_time_seconds": "1764079299",
        "python_version": "3.9.7 (tags/v3.9.7:1016ef3, Aug 30 2021, 20:19:38) [MSC v.1929 64 bit (AMD64)]",
        "command_line_arguments": "C:\\Users\\dania\\OneDrive\\Desktop\\UOWD\\Autumn 2025\\CSCI218\\AiCar\\My project\\venv\\Scripts\\mlagents-learn --force",
        "mlagents_version": "0.30.0",
        "mlagents_envs_version": "0.30.0",
        "communication_protocol_version": "1.5.0",
        "pytorch_version": "2.8.0+cpu",
        "numpy_version": "1.21.2",
        "end_time_seconds": "1764079457"
    },
    "total": 158.0263308,
    "count": 1,
    "self": 0.005045499999994263,
    "children": {
        "run_training.setup": {
            "total": 0.10133919999999996,
            "count": 1,
            "self": 0.10133919999999996
        },
        "TrainerController.start_learning": {
            "total": 157.9199461,
            "count": 1,
            "self": 0.29907890000032467,
            "children": {
                "TrainerController._reset_env": {
                    "total": 9.8903652,
                    "count": 1,
                    "self": 9.8903652
                },
                "TrainerController.advance": {
                    "total": 147.6551190999997,
                    "count": 16251,
                    "self": 0.26689259999997716,
                    "children": {
                        "env_step": {
                            "total": 143.8157734999998,
                            "count": 16251,
                            "self": 124.18085839999921,
                            "children": {
                                "SubprocessEnvManager._take_step": {
                                    "total": 19.453222700000357,
                                    "count": 16251,
                                    "self": 0.7296189000001867,
                                    "children": {
                                        "TorchPolicy.evaluate": {
                                            "total": 18.72360380000017,
                                            "count": 16251,
                                            "self": 18.72360380000017
                                        }
                                    }
                                },
                                "workers": {
                                    "total": 0.181692400000232,
                                    "count": 16250,
                                    "self": 0.0,
                                    "children": {
                                        "worker_root": {
                                            "total": 85.90174579999963,
                                            "count": 16250,
                                            "is_parallel": true,
                                            "self": 38.4745263999998,
                                            "children": {
                                                "steps_from_proto": {
                                                    "total": 0.0004823999999992168,
                                                    "count": 1,
                                                    "is_parallel": true,
                                                    "self": 0.0002595000000020775,
                                                    "children": {
                                                        "_process_rank_one_or_two_observation": {
                                                            "total": 0.00022289999999713928,
                                                            "count": 4,
                                                            "is_parallel": true,
                                                            "self": 0.00022289999999713928
                                                        }
                                                    }
                                                },
                                                "UnityEnvironment.step": {
                                                    "total": 47.426736999999825,
                                                    "count": 16250,
                                                    "is_parallel": true,
                                                    "self": 1.1765025999998002,
                                                    "children": {
                                                        "UnityEnvironment._generate_step_input": {
                                                            "total": 1.0398927000001557,
                                                            "count": 16250,
                                                            "is_parallel": true,
                                                            "self": 1.0398927000001557
                                                        },
                                                        "communicator.exchange": {
                                                            "total": 40.57005270000015,
                                                            "count": 16250,
                                                            "is_parallel": true,
                                                            "self": 40.57005270000015
                                                        },
                                                        "steps_from_proto": {
                                                            "total": 4.640288999999724,
                                                            "count": 16250,
                                                            "is_parallel": true,
                                                            "self": 2.5464739999981223,
                                                            "children": {
                                                                "_process_rank_one_or_two_observation": {
                                                                    "total": 2.0938150000016016,
                                                                    "count": 65000,
                                                                    "is_parallel": true,
                                                                    "self": 2.0938150000016016
                                                                }
                                                            }
                                                        }
                                                    }
                                                }
                                            }
                                        }
                                    }
                                }
                            }
                        },
                        "trainer_advance": {
                            "total": 3.572452999999909,
                            "count": 16250,
                            "self": 0.3407286999996213,
                            "children": {
                                "process_trajectory": {
                                    "total": 1.1629408000002783,
                                    "count": 16250,
                                    "self": 1.1629408000002783
                                },
                                "_update_policy": {
                                    "total": 2.068783500000009,
                                    "count": 1,
                                    "self": 1.473925099999974,
                                    "children": {
                                        "TorchPPOOptimizer.update": {
                                            "total": 0.5948584000000352,
                                            "count": 30,