{
    "name": "root",
    "gauges": {
        "CarDriver.Policy.Entropy.mean": {
            "value": 1.4238113164901733,
            "min": 1.4187737703323364,
            "max": 1.4257123470306396,
            "count": 10
        },
        "CarDriver.Policy.Entropy.sum": {
            "value": 71350.03125,
            "min": 70950.7734375,
            "max": 71445.296875,
            "count": 10
        },
        "CarDriver.Step.mean": {
            "value": 499968.0,
            "min": 49984.0,
            "max": 499968.0,
            "count": 10
        },
        "CarDriver.Step.sum": {
            "value": 499968.0,
            "min": 49984.0,
            "max": 499968.0,
            "count": 10
        },
        "CarDriver.Policy.ExtrinsicValueEstimate.mean": {
            "value": 3.1782376766204834,
            "min": 0.06786040961742401,
            "max": 3.1782376766204834,
            "count": 10
        },
        "CarDriver.Policy.ExtrinsicValueEstimate.sum": {
            "value": 2482.20361328125,
            "min": 52.99898147583008,
            "max": 2482.20361328125,
            "count": 10
        },
        "CarDriver.Losses.PolicyLoss.mean": {
            "value": 0.024855937494042638,
            "min": 0.0209842103626579,
            "max": 0.026860632548729575,
            "count": 10
        },
        "CarDriver.Losses.PolicyLoss.sum": {
            "value": 0.12427968747021319,
            "min": 0.08715730052596579,
            "max": 0.13430316274364787,
            "count": 10
        },
        "CarDriver.Losses.ValueLoss.mean": {
            "value": 0.04570225939154625,
            "min": 0.004011556035887528,
            "max": 0.04996249191462994,
            "count": 10
        },
        "CarDriver.Losses.ValueLoss.sum": {
            "value": 0.22851129695773126,
            "min": 0.01604622414355011,
            "max": 0.24981245957314968,
            "count": 10
        },
        "CarDriver.Policy.LearningRate.mean": {
            "value": 1.3843295385600004e-05,
            "min": 1.3843295385600004e-05,
            "max": 0.000284448005184,
            "count": 10
        },
        "CarDriver.Policy.LearningRate.sum": {
            "value": 6.921647692800002e-05,
            "min": 6.921647692800002e-05,
            "max": 0.001282272072576,
            "count": 10
        },
        "CarDriver.Policy.Epsilon.mean": {
            "value": 0.10461440000000002,
            "min": 0.10461440000000002,
            "max": 0.19481599999999996,
            "count": 10
        },
        "CarDriver.Policy.Epsilon.sum": {
            "value": 0.5230720000000001,
            "min": 0.5230720000000001,
            "max": 0.9274240000000001,
            "count": 10
        },
        "CarDriver.Policy.Beta.mean": {
            "value": 0.00024025856000000007,
            "min": 0.00024025856000000007,
            "max": 0.004741318400000001,
            "count": 10
        },
        "CarDriver.Policy.Beta.sum": {
            "value": 0.0012012928000000003,
            "min": 0.0012012928000000003,
            "max": 0.021378457599999998,
            "count": 10
        },
        "CarDriver.IsTraining.mean": {
            "value": 1.0,
            "min": 1.0,
            "max": 1.0,
            "count": 10
        },
        "CarDriver.IsTraining.sum": {
            "value": 1.0,
            "min": 1.0,
            "max": 1.0,
            "count": 10
        }
    },
    "metadata": {
        "timer_format_version": "0.1.0",
        "start_time_seconds": "1764972638",
        "python_version": "3.9.7 (tags/v3.9.7:1016ef3, Aug 30 2021, 20:19:38) [MSC v.1929 64 bit (AMD64)]",
        "command_line_arguments": "C:\\Users\\dania\\OneDrive\\Desktop\\UOWD\\Autumn 2025\\CSCI218\\AiCar\\My project\\venv\\Scripts\\mlagents-learn --run-id=dan2",
        "mlagents_version": "0.30.0",
        "mlagents_envs_version": "0.30.0",
        "communication_protocol_version": "1.5.0",
        "pytorch_version": "2.8.0+cpu",
        "numpy_version": "1.21.2",
        "end_time_seconds": "1764973557"
    },
    "total": 919.4304002,
    "count": 1,
    "self": 0.009799699999916811,
    "children": {
        "run_training.setup": {
            "total": 0.10499729999999996,
            "count": 1,
            "self": 0.10499729999999996
        },
        "TrainerController.start_learning": {
            "total": 919.3156032,
            "count": 1,
            "self": 2.601072100002966,
            "children": {
                "TrainerController._reset_env": {
                    "total": 10.488027,
                    "count": 1,
                    "self": 10.488027
                },
                "TrainerController.advance": {
                    "total": 906.1926956999971,
                    "count": 166720,
                    "self": 2.308027699952163,
                    "children": {
                        "env_step": {
                            "total": 792.8365234000281,
                            "count": 166720,
                            "self": 688.0559775000017,
                            "children": {
                                "SubprocessEnvManager._take_step": {
                                    "total": 103.06192560001452,
                                    "count": 166720,
                                    "self": 7.430071100003616,
                                    "children": {
                                        "TorchPolicy.evaluate": {
                                            "total": 95.6318545000109,
                                            "count": 166720,
                                            "self": 95.6318545000109
                                        }
                                    }
                                },
                                "workers": {
                                    "total": 1.718620300011807,
                                    "count": 166720,
                                    "self": 0.0,
                                    "children": {
                                        "worker_root": {
                                            "total": 905.6999962999918,
                                            "count": 166720,
                                            "is_parallel": true,
                                            "self": 352.1032586999768,
                                            "children": {
                                                "steps_from_proto": {
                                                    "total": 0.0027706999999992377,
                                                    "count": 1,
                                                    "is_parallel": true,
                                                    "self": 0.00016819999999917457,
                                                    "children": {
                                                        "_process_rank_one_or_two_observation": {
                                                            "total": 0.002602500000000063,
                                                            "count": 4,
                                                            "is_parallel": true,
                                                            "self": 0.002602500000000063
                                                        }
                                                    }
                                                },
                                                "UnityEnvironment.step": {
                                                    "total": 553.593966900015,
                                                    "count": 166720,
                                                    "is_parallel": true,
                                                    "self": 12.989197000009653,